id,name,last_name,date_of_birth,address,city
100,Isaac,Fox,12/12/1992,Ap #802-3431 Mauris Road,Sluizen
101,Porter,Simmons,28/11/1990,"P.O. Box 217, 6434 Facilisis Street",Evansville
102,Quinlan,Green,12/10/1992,Ap #364-9369 Ullamcorper Rd.,Redcliffe
103,Brooke,Hawkins,13/01/1991,335-6554 Per Road,Sefro
104,Aubrey,Maynard,19/05/1990,2385 Cursus St.,Maranello
105,Aurelia,Underwood,11/06/1991,685-3703 Semper St.,Rae-Edzo
106,Wesley,Jordan,06/09/1990,"P.O. Box 923, 1672 Auctor Street",Robelmont
107,Lance,Combs,29/04/1991,8731 Vel Street,Petit-Thier
108,Reed,Witt,20/02/1992,"P.O. Box 209, 6821 Sagittis Rd.",Calle Larga
109,Connor,Lindsey,04/08/1992,Ap #949-9952 Pretium Ave,Lustenau
110,Uriah,Hooper,05/07/1992,3659 Donec St.,Akron
111,Beau,Payne,04/01/1991,"Ap #770-7928 Pede, St.",Collecchio
112,Wing,Wade,12/07/1991,Ap #581-219 Eu Ave,Logan City
113,Arthur,Mcintosh,07/06/1991,"P.O. Box 967, 3351 Vitae Av.",Vertou
114,John,Kent,24/11/1992,"P.O. Box 306, 114 Enim Rd.",Glenrothes
115,Price,Wolf,10/04/1992,793-8987 Et St.,Madison
116,Byron,Deleon,07/08/1992,707-9963 Erat St.,Asansol
117,Gabriel,Carroll,05/05/1991,853-102 Habitant Avenue,Baidyabati
118,Cassidy,Waller,28/03/1992,Ap #785-2582 Mus. St.,Kington
119,Carissa,Rocha,27/11/1993,"P.O. Box 405, 9570 Bibendum. Ave",Buguma
120,Quinn,Lucas,13/06/1992,Ap #140-9079 Curae; St.,Thuin
121,Jaquelyn,Jones,20/09/1990,1132 Tellus Avenue,Stockport
122,Garrett,Finch,23/10/1991,"P.O. Box 160, 4325 Nullam Street",Herselt
123,Ignatius,Rivera,11/04/1991,Ap #786-5817 Dis St.,Saint Paul
124,Charles,Faulkner,15/07/1992,2316 Tortor Ave,Borgomasino
125,Micah,Hewitt,28/04/1993,3375 Eu St.,Seborga
126,Samuel,Aguirre,18/01/1993,"873-1601 A, Rd.",Villa Agnedo
127,Duncan,Cabrera,13/10/1992,"710-2341 Montes, Ave",Umbertide
128,Meredith,Guthrie,15/05/1993,"6679 Tempus, Rd.",Meldert
129,Gail,Prince,17/03/1991,786-660 Lobortis Street,Zaffelare
130,Brock,Suarez,26/04/1990,823-5460 Facilisis Rd.,Timaru
131,Caldwell,Hood,09/07/1993,"P.O. Box 850, 168 At Rd.",Berwick
132,Alfonso,Cash,14/11/1992,Ap #363-3354 Nibh. Street,Wetzlar
133,Axel,Clarke,09/02/1991,"P.O. Box 583, 2539 Dolor. Ave",Madurai
134,Neville,Joyner,29/04/1990,"P.O. Box 720, 9376 Egestas Ave",Millport
135,Dara,Larson,30/01/1993,"P.O. Box 782, 5948 Donec Ave",Hofors
136,Bianca,Hubbard,19/11/1990,735-4429 Ac St.,Leipzig
137,Signe,Weeks,12/05/1993,183-914 Nibh Rd.,Metairie
138,Buffy,Strong,25/07/1992,905-3128 Amet Ave,Neuwied
139,Whoopi,Tucker,20/09/1992,"Ap #274-9108 Nec, St.",Dégelis
140,Porter,Armstrong,27/04/1990,8579 Et Av.,Berwick
141,Signe,Burgess,23/01/1993,6294 Dui Street,Butte
142,Lael,Stone,22/02/1990,572-5758 Luctus Avenue,Surrey
143,Lael,Jensen,14/09/1991,756-3899 Nunc Avenue,Uluberia
144,Boris,Evans,10/04/1993,704-1944 Primis Rd.,Avesta
145,Hermione,Bryan,17/08/1992,Ap #916-8805 Dolor. Street,Rotorua
146,Venus,Cervantes,24/04/1991,"P.O. Box 260, 9351 Rutrum Street",Strathcona County
147,Gretchen,Leon,19/07/1990,Ap #182-5071 Et Rd.,Fraser Lake
148,Justine,Woodard,09/08/1993,"P.O. Box 951, 8113 Sapien, Rd.",Qu�bec City
149,Henry,Barber,14/05/1992,251-1046 Volutpat. St.,Melsele
150,Amela,Wilder,01/06/1990,7717 Lorem Av.,Savannah
151,Summer,Andrews,04/12/1990,8787 Cursus Avenue,Nampa
152,Dorian,Griffin,23/10/1992,"P.O. Box 168, 2310 Malesuada Street",Bottrop
153,Sean,Schultz,08/03/1993,"P.O. Box 585, 6367 Cras Street",Roksem
154,Lucy,Scott,17/08/1992,116 Praesent Rd.,Loncoche
155,Germaine,Merritt,17/04/1993,"2693 Eu, Ave",Bacabal
156,Christian,Duncan,11/05/1991,493-5135 Quisque St.,Idaho Falls
157,Travis,Petty,29/03/1990,233 Donec St.,Vorst
158,Barrett,Banks,25/02/1990,"P.O. Box 740, 107 Urna Road",Monte San Pietrangeli
159,Jaime,Hall,29/08/1992,Ap #598-9474 Sit Av.,Tampa
160,Kenneth,Anderson,03/12/1992,"P.O. Box 673, 8814 Lorem Ave",Gasteiz
161,Holly,Stuart,10/05/1990,6585 Dolor Ave,Lampa
162,Ori,Rivers,15/04/1993,"P.O. Box 181, 8644 Duis Av.",Oberhausen
163,Latifah,Elliott,20/02/1993,"P.O. Box 547, 3439 Fusce Road",Lesve
164,Priscilla,Cervantes,21/07/1990,"P.O. Box 933, 1679 Arcu. Ave",Athus
165,Keelie,Mendoza,30/05/1990,7686 Aliquet Av.,Gonars
166,Evan,Carroll,17/10/1991,Ap #801-7065 Pede. Av.,Lerwick
167,Galena,Cooper,17/09/1993,Ap #443-8800 Neque. Road,Darmstadt
168,Kirestin,Oneal,15/04/1992,Ap #823-1991 A Rd.,Macchia Valfortore
169,Calvin,Tate,27/10/1992,158-8550 Ac Road,Gorinchem
170,Brody,Lara,11/11/1993,644-3959 In St.,Melle
171,Doris,Donaldson,04/11/1993,Ap #542-8306 Sit Rd.,Şereflikoçhisar
172,August,Reyes,08/10/1991,7111 In Rd.,Kerkhove
173,Grace,Vincent,02/09/1991,679-3159 Mollis. St.,Coleville Lake
174,Xanthus,Hicks,21/05/1991,838-8666 Fringilla Avenue,Esslingen
175,Karina,Reilly,30/11/1990,Ap #141-6162 Maecenas Rd.,Ilbono
176,Lenore,Franco,08/01/1992,736-6773 Aliquet Rd.,Romeral
177,Ulric,Sheppard,13/07/1993,"P.O. Box 155, 9867 Purus. Av.",Fort Simpson
178,Jacob,Patrick,11/09/1993,417-264 Quisque St.,Spremberg
179,David,Huber,29/08/1990,643-9216 Lorem Ave,Valenciennes
180,Giacomo,Glenn,04/04/1992,Ap #269-453 Adipiscing. Av.,Burnaby
181,Lester,Carroll,20/04/1993,"P.O. Box 254, 3005 Pede Street",Hof
182,Selma,Palmer,15/08/1990,773-3375 Mauris Av.,Güstrow
183,Jenna,Travis,30/12/1991,Ap #694-7114 Non St.,Mulhouse
184,Berk,Gill,28/11/1992,Ap #386-9886 Orci St.,Graz
185,Ina,Mendez,11/09/1992,7258 Proin Rd.,Peñaflor
186,Mona,King,04/09/1991,833-2716 Aliquet St.,Walhain
187,Trevor,Beach,28/04/1991,"P.O. Box 605, 2296 Nam Av.",Zonhoven
188,Brennan,Jones,16/08/1991,"379-6523 A, Rd.",Patan
189,Edward,Bright,25/02/1992,8635 Consequat Av.,Whitehorse
190,Kadeem,Munoz,04/05/1990,760-1877 Tellus. Av.,Pumanque
191,Uriah,Cabrera,31/12/1992,296 In Rd.,Davenport
192,Ethan,Matthews,16/05/1993,8673 Vestibulum. Ave,Nakusp
193,Gage,Abbott,31/07/1993,779-4092 Mauris. Rd.,Quirihue
194,Tanek,Kramer,01/10/1993,8019 Ornare Rd.,Vidisha
195,Reese,Farrell,13/01/1993,295 Sapien Road,La Salle
196,Hayes,Bennett,15/06/1990,"P.O. Box 425, 4814 Egestas Av.",Philadelphia
197,Renee,Cannon,16/09/1991,"P.O. Box 373, 195 Urna. Avenue",Olinda
198,Tamekah,Bridges,13/03/1993,"P.O. Box 560, 9986 Non Road",Moorsel
199,Fleur,Mendez,13/02/1991,411-8661 Nisl. Ave,Lavacherie